name,callDt,callLog,duration,durationMinutes,callYear,callMonth,callDay
Parents,07 Dec. 2017 22:26,Received,00:01:45,2,2017,12,7
Parents,07 Dec. 2017 22:28,Dialed,00:00:00,0,2017,12,7
Parents,07 Dec. 2017 22:29,Dialed,00:02:39,3,2017,12,7
Parents,07 Dec. 2017 22:32,Dialed,00:00:00,0,2017,12,7
Parents,07 Dec. 2017 22:33,Dialed,00:23:48,24,2017,12,7
Parents,08 Dec. 2017 7:56,Received,00:00:43,1,2017,12,8
Friends,08 Dec. 2017 8:33,Missed,00:00:00,0,2017,12,8
Parents,14 Dec. 2017 5:56,Missed,00:00:00,0,2017,12,14
Parents,14 Dec. 2017 5:57,Dialed,00:01:07,1,2017,12,14
Parents,14 Dec. 2017 11:53,Missed,00:00:00,0,2017,12,14
Parents,15 Dec. 2017 11:47,Missed,00:00:00,0,2017,12,15
Parents,15 Dec. 2017 13:14,Dialed,00:20:07,20,2017,12,15
Parents,16 Dec. 2017 14:37,Dialed,00:10:07,10,2017,12,16
Parents,16 Dec. 2017 20:19,Dialed,02:02:12,122,2017,12,16
Parents,17 Dec. 2017 19:03,Dialed,00:02:41,3,2017,12,17
Parents,19 Dec. 2017 12:35,Received,00:00:31,1,2017,12,19
Parents,19 Dec. 2017 12:36,Received,00:00:07,0,2017,12,19
Parents,19 Dec. 2017 12:37,Dialed,00:11:43,12,2017,12,19
Friends,20 Dec. 2017 5:57,Received,00:01:18,1,2017,12,20
Friends,20 Dec. 2017 6:27,Received,00:01:37,2,2017,12,20
Parents,21 Dec. 2017 12:24,Received,00:00:53,1,2017,12,21
Parents,21 Dec. 2017 14:44,Dialed,00:04:47,5,2017,12,21
Parents,23 Dec. 2017 14:17,Dialed,00:03:06,3,2017,12,23
Parents,23 Dec. 2017 14:21,Dialed,00:03:16,3,2017,12,23
Friends,23 Dec. 2017 15:07,Received,00:01:59,2,2017,12,23
Friends,25 Dec. 2017 15:09,Dialed,00:02:35,3,2017,12,25
Parents,25 Dec. 2017 17:50,Missed,00:00:00,0,2017,12,25
Parents,25 Dec. 2017 18:02,Dialed,00:00:15,0,2017,12,25
Parents,27 Dec. 2017 17:06,Received,00:01:23,1,2017,12,27
Parents,29 Dec. 2017 19:17,Dialed,00:00:09,0,2017,12,29
Parents,31 Dec. 2017 16:45,Dialed,00:00:08,0,2017,12,31
Parents,31 Dec. 2017 16:52,Dialed,00:01:06,1,2017,12,31
Friends,31 Dec. 2017 19:47,Dialed,00:00:19,0,2017,12,31
Parents,01 Jan. 2018 23:21,Received,00:00:27,0,2018,1,1
Parents,02 Jan. 2018 13:19,Dialed,00:00:56,1,2018,1,2
Parents,03 Jan. 2018 14:19,Dialed,00:00:45,1,2018,1,3
Parents,04 Jan. 2018 17:57,Missed,00:00:00,0,2018,1,4
Parents,04 Jan. 2018 20:00,Dialed,00:01:02,1,2018,1,4
Parents,09 Jan. 2018 19:46,Dialed,00:01:03,1,2018,1,9
Parents,09 Jan. 2018 19:50,Received,00:00:46,1,2018,1,9
Parents,09 Jan. 2018 19:52,Dialed,00:01:44,2,2018,1,9
Parents,09 Jan. 2018 19:54,Dialed,00:00:36,1,2018,1,9
Parents,09 Jan. 2018 19:55,Dialed,00:21:31,22,2018,1,9
Parents,09 Jan. 2018 20:17,Dialed,00:24:21,24,2018,1,9
Friends,12 Jan. 2018 20:43,Dialed,00:41:20,41,2018,1,12
Parents,13 Jan. 2018 15:17,Received,00:29:02,29,2018,1,13
Parents,14 Jan. 2018 15:52,Dialed,00:23:00,23,2018,1,14
Parents,14 Jan. 2018 16:16,Dialed,00:19:30,20,2018,1,14
Friends,18 Jan. 2018 12:20,Dialed,00:00:20,0,2018,1,18
Parents,19 Jan. 2018 21:57,Dialed,00:43:44,44,2018,1,19
Parents,19 Jan. 2018 21:57,Dialed,00:00:00,0,2018,1,19
Parents,21 Jan. 2018 13:44,Dialed,00:00:05,0,2018,1,21
Parents,21 Jan. 2018 13:46,Dialed,00:00:00,0,2018,1,21
Parents,21 Jan. 2018 13:47,Dialed,00:00:26,0,2018,1,21
Parents,22 Jan. 2018 17:18,Dialed,00:12:36,13,2018,1,22
Parents,22 Jan. 2018 17:32,Dialed,00:27:49,28,2018,1,22
Parents,23 Jan. 2018 19:12,Dialed,00:19:04,19,2018,1,23
Parents,26 Jan. 2018 16:03,Dialed,00:00:02,0,2018,1,26
Parents,26 Jan. 2018 16:03,Dialed,00:00:00,0,2018,1,26
Parents,26 Jan. 2018 19:05,Dialed,00:27:29,27,2018,1,26
Parents,26 Jan. 2018 19:32,Dialed,00:00:00,0,2018,1,26
Parents,26 Jan. 2018 19:34,Dialed,00:12:50,13,2018,1,26
Parents,27 Jan. 2018 16:16,Dialed,00:27:23,27,2018,1,27
Parents,29 Jan. 2018 10:58,Dialed,00:14:18,14,2018,1,29
Friends,30 Jan. 2018 11:45,Received,00:01:22,1,2018,1,30
Parents,31 Jan. 2018 19:59,Received,00:23:31,24,2018,1,31
Parents,02 Feb. 2018 20:10,Received,00:33:23,33,2018,2,2
Friends,08 Feb. 2018 12:40,Missed,00:00:00,0,2018,2,8
Parents,11 Feb. 2018 14:23,Dialed,00:11:04,11,2018,2,11
Parents,11 Feb. 2018 14:35,Dialed,00:50:26,50,2018,2,11
Friends,13 Feb. 2018 10:29,Missed,00:00:00,0,2018,2,13
Friends,13 Feb. 2018 10:30,Missed,00:00:00,0,2018,2,13
Friends,13 Feb. 2018 10:36,Received,00:01:11,1,2018,2,13
Friends,13 Feb. 2018 10:52,Dialed,00:00:00,0,2018,2,13
Parents,17 Feb. 2018 13:38,Received,00:15:07,15,2018,2,17
Parents,19 Feb. 2018 15:05,Dialed,00:07:20,7,2018,2,19
Friends,19 Feb. 2018 17:01,Missed,00:00:00,0,2018,2,19
Friends,19 Feb. 2018 17:03,Dialed,00:00:07,0,2018,2,19
Parents,22 Feb. 2018 19:47,Received,00:33:28,33,2018,2,22
Friends,27 Feb. 2018 7:39,Received,00:01:09,1,2018,2,27
Parents,08 Mar. 2018 18:05,Received,00:22:13,22,2018,3,8
Parents,08 Mar. 2018 18:31,Dialed,00:03:51,4,2018,3,8
Friends,09 Mar. 2018 16:01,Dialed,00:00:02,0,2018,3,9
Friends,09 Mar. 2018 16:06,Dialed,00:00:04,0,2018,3,9
Friends,09 Mar. 2018 16:07,Received,00:01:23,1,2018,3,9
Friends,09 Mar. 2018 16:16,Dialed,00:00:03,0,2018,3,9
Parents,10 Mar. 2018 13:24,Missed,00:00:00,0,2018,3,10
Parents,10 Mar. 2018 14:32,Dialed,00:28:33,29,2018,3,10
Parents,10 Mar. 2018 15:01,Dialed,00:00:02,0,2018,3,10
Parents,10 Mar. 2018 15:02,Dialed,00:00:28,0,2018,3,10
Parents,10 Mar. 2018 15:03,Dialed,00:02:53,3,2018,3,10
Friends,11 Mar. 2018 8:07,Received,00:01:13,1,2018,3,11
Parents,11 Mar. 2018 13:56,Dialed,00:05:32,6,2018,3,11
Parents,11 Mar. 2018 14:03,Dialed,00:02:47,3,2018,3,11
Parents,11 Mar. 2018 14:07,Dialed,00:23:35,24,2018,3,11
Parents,12 Mar. 2018 15:35,Dialed,00:05:38,6,2018,3,12
Parents,12 Mar. 2018 15:42,Dialed,00:01:40,2,2018,3,12
Parents,12 Mar. 2018 15:44,Dialed,00:00:00,0,2018,3,12
Parents,12 Mar. 2018 15:45,Dialed,00:00:00,0,2018,3,12
Parents,12 Mar. 2018 15:46,Dialed,00:00:00,0,2018,3,12
Parents,12 Mar. 2018 15:46,Received,00:18:59,19,2018,3,12
Parents,21 Mar. 2018 23:12,Dialed,00:39:21,39,2018,3,21
Parents,23 Mar. 2018 21:01,Dialed,01:48:31,109,2018,3,23
Parents,23 Mar. 2018 21:01,Dialed,00:00:00,0,2018,3,23
Parents,25 Mar. 2018 14:19,Dialed,00:30:43,31,2018,3,25
Friends,26 Mar. 2018 17:30,Received,00:01:03,1,2018,3,26
Parents,26 Mar. 2018 21:21,Missed,00:00:00,0,2018,3,26
Parents,26 Mar. 2018 22:18,Dialed,01:06:17,66,2018,3,26
Friends,28 Mar. 2018 14:46,Missed,00:00:00,0,2018,3,28
Friends,28 Mar. 2018 19:28,Received,00:01:19,1,2018,3,28
Friends,29 Mar. 2018 11:52,Received,00:04:57,5,2018,3,29
Parents,31 Mar. 2018 13:04,Received,00:02:31,3,2018,3,31
Friends,31 Mar. 2018 13:42,Received,01:22:59,83,2018,3,31
Parents,31 Mar. 2018 17:40,Received,02:22:47,143,2018,3,31
Grandparents,01 Apr. 2018 14:13,Dialed,00:15:12,15,2018,4,1
Parents,02 Apr. 2018 12:14,Missed,00:00:00,0,2018,4,2
Parents,02 Apr. 2018 12:47,Dialed,00:00:02,0,2018,4,2
Parents,02 Apr. 2018 12:48,Dialed,00:03:11,3,2018,4,2
Parents,08 Apr. 2018 13:20,Dialed,00:15:07,15,2018,4,8
Parents,08 Apr. 2018 13:36,Dialed,01:05:13,65,2018,4,8
Friends,11 Apr. 2018 12:59,Dialed,00:00:00,0,2018,4,11
Friends,13 Apr. 2018 19:15,Received,00:23:59,24,2018,4,13
Parents,13 Apr. 2018 19:55,Dialed,03:26:02,206,2018,4,13
Parents,13 Apr. 2018 23:21,Dialed,00:00:00,0,2018,4,13
Parents,13 Apr. 2018 23:22,Received,00:14:22,14,2018,4,13
Parents,13 Apr. 2018 23:22,Dialed,00:00:00,0,2018,4,13
Parents,16 Apr. 2018 15:28,Dialed,00:08:48,9,2018,4,16
Parents,16 Apr. 2018 15:28,Dialed,00:00:00,0,2018,4,16
Parents,16 Apr. 2018 15:38,Dialed,00:03:07,3,2018,4,16
Parents,18 Apr. 2018 12:18,Dialed,00:02:38,3,2018,4,18
Parents,18 Apr. 2018 12:18,Dialed,00:00:00,0,2018,4,18
Parents,18 Apr. 2018 22:35,Received,00:47:45,48,2018,4,18
Friends,19 Apr. 2018 17:49,Received,00:00:13,0,2018,4,19
Parents,20 Apr. 2018 16:17,Received,00:03:15,3,2018,4,20
Parents,20 Apr. 2018 16:21,Received,00:09:51,10,2018,4,20
Parents,20 Apr. 2018 16:21,Dialed,00:01:48,2,2018,4,20
Parents,20 Apr. 2018 18:35,Received,00:17:32,18,2018,4,20
Parents,21 Apr. 2018 11:58,Received,01:17:53,78,2018,4,21
Grandparents,21 Apr. 2018 14:20,Dialed,00:00:56,1,2018,4,21
Grandparents,21 Apr. 2018 20:23,Received,00:11:29,11,2018,4,21
Parents,22 Apr. 2018 15:28,Dialed,00:00:29,0,2018,4,22
Friends,22 Apr. 2018 18:13,Dialed,01:15:31,76,2018,4,22
Parents,22 Apr. 2018 19:39,Received,00:51:01,51,2018,4,22
Parents,23 Apr. 2018 12:37,Received,00:02:26,2,2018,4,23
Parents,23 Apr. 2018 12:41,Received,00:02:09,2,2018,4,23
Parents,23 Apr. 2018 16:29,Dialed,00:21:34,22,2018,4,23
Parents,24 Apr. 2018 19:22,Dialed,00:48:52,49,2018,4,24
Parents,24 Apr. 2018 21:52,Dialed,00:26:18,26,2018,4,24
Parents,27 Apr. 2018 17:30,Dialed,00:00:57,1,2018,4,27
Parents,05 May 2018 10:27,Received,00:05:34,6,2018,5,5
Parents,05 May 2018 11:55,Dialed,00:09:49,10,2018,5,5
Parents,06 May 2018 18:42,Missed,00:00:00,0,2018,5,6
Parents,06 May 2018 19:49,Dialed,00:00:47,1,2018,5,6
Parents,07 May 2018 17:50,Dialed,00:28:59,29,2018,5,7
Parents,08 May 2018 20:23,Dialed,00:36:10,36,2018,5,8
Parents,08 May 2018 21:13,Received,00:01:48,2,2018,5,8
Parents,08 May 2018 21:45,Dialed,00:22:33,23,2018,5,8
Parents,10 May 2018 17:20,Dialed,00:00:31,1,2018,5,10
Parents,10 May 2018 18:34,Dialed,00:31:28,31,2018,5,10
Parents,11 May 2018 22:25,Dialed,01:07:45,68,2018,5,11
Parents,12 May 2018 16:13,Dialed,00:33:12,33,2018,5,12
Parents,12 May 2018 18:14,Missed,00:00:00,0,2018,5,12
Parents,12 May 2018 21:37,Missed,00:00:00,0,2018,5,12
Parents,13 May 2018 13:42,Dialed,00:00:04,0,2018,5,13
Parents,13 May 2018 14:08,Dialed,00:00:04,0,2018,5,13
Parents,13 May 2018 14:18,Dialed,00:00:02,0,2018,5,13
Parents,13 May 2018 14:37,Missed,00:00:00,0,2018,5,13
Parents,13 May 2018 14:42,Dialed,00:08:04,8,2018,5,13
Parents,13 May 2018 14:57,Dialed,00:00:00,0,2018,5,13
Parents,13 May 2018 15:03,Dialed,00:26:19,26,2018,5,13
Parents,16 May 2018 17:29,Dialed,00:40:54,41,2018,5,16
Parents,17 May 2018 19:40,Received,00:25:19,25,2018,5,17
Parents,18 May 2018 19:21,Received,00:19:17,19,2018,5,18
Parents,18 May 2018 19:43,Dialed,01:09:55,70,2018,5,18
Parents,20 May 2018 21:35,Dialed,01:28:49,89,2018,5,20
Parents,21 May 2018 19:24,Dialed,00:30:17,30,2018,5,21
Parents,21 May 2018 19:2400:00:00,0,2018,5,21
Friends,22 May 2018 18:36,Dialed,00:08:31,9,2018,5,22
Parents,23 May 2018 17:04,Missed,00:00:00,0,2018,5,23
Parents,23 May 2018 17:58,Dialed,01:22:17,82,2018,5,23
Parents,27 May 2018 15:45,Dialed,00:01:32,2,2018,5,27
Parents,27 May 2018 15:47,Received,00:16:36,17,2018,5,27
Friends,28 May 2018 6:49,Missed,00:00:00,0,2018,5,28
Parents,28 May 2018 18:33,Dialed,00:08:16,8,2018,5,28
Parents,31 May 2018 19:37,Received,00:05:59,6,2018,5,31
Parents,01 Jun. 2018 18:53,Dialed,00:31:32,32,2018,6,1
Parents,01 Jun. 2018 19:25,Dialed,00:04:11,4,2018,6,1
Parents,06 Jun. 2018 20:16,Dialed,00:00:00,0,2018,6,6
Parents,06 Jun. 2018 20:17,Dialed,00:26:56,27,2018,6,6
Parents,06 Jun. 2018 21:58,Received,00:27:59,28,2018,6,6
Parents,10 Jun. 2018 18:35,Received,00:24:44,25,2018,6,10
Parents,11 Jun. 2018 20:31,Dialed,00:10:52,11,2018,6,11
Parents,12 Jun. 2018 17:32,Received,00:09:45,10,2018,6,12
Parents,16 Jun. 2018 11:24,Received,00:41:48,42,2018,6,16
Friends,16 Jun. 2018 16:33,Received,00:06:27,6,2018,6,16
Parents,16 Jun. 2018 18:41,Dialed,00:07:33,8,2018,6,16
Parents,17 Jun. 2018 16:03,Dialed,00:00:00,0,2018,6,17
Parents,17 Jun. 2018 16:04,Dialed,00:00:38,1,2018,6,17
Parents,17 Jun. 2018 18:22,Received,00:21:16,21,2018,6,17
Parents,17 Jun. 2018 18:45,Received,00:06:05,6,2018,6,17
Friends,22 Jun. 2018 12:44,Missed,00:00:00,0,2018,6,22
Friends,22 Jun. 2018 12:45,Missed,00:00:00,0,2018,6,22
Friends,22 Jun. 2018 13:51,Missed,00:00:00,0,2018,6,22
Parents,22 Jun. 2018 15:40,Received,00:05:07,5,2018,6,22
Friends,24 Jun. 2018 13:40,Received,00:00:44,1,2018,6,24
Friends,24 Jun. 2018 13:44,Dialed,00:19:12,19,2018,6,24
Parents,24 Jun. 2018 19:11,Missed,00:00:00,0,2018,6,24
Parents,24 Jun. 2018 20:57,Dialed,01:03:28,63,2018,6,24
Parents,25 Jun. 2018 18:44,Dialed,00:14:18,14,2018,6,25
Parents,26 Jun. 2018 12:40,Missed,00:00:00,0,2018,6,26
Parents,28 Jun. 2018 18:48,Dialed,00:33:56,34,2018,6,28
Parents,29 Jun. 2018 18:28,Dialed,00:04:56,5,2018,6,29
Friends,30 Jun. 2018 18:04,Received,00:00:45,1,2018,6,30
Parents,03 Jul. 2018 18:07,Received,00:07:32,8,2018,7,3
Parents,03 Jul. 2018 18:14,Received,00:00:10,0,2018,7,3
Parents,08 Jul. 2018 16:42,Dialed,00:31:54,32,2018,7,8
Parents,10 Jul. 2018 20:28,Dialed,00:47:12,47,2018,7,10
Parents,14 Jul. 2018 15:23,Received,00:30:10,30,2018,7,14
Parents,15 Jul. 2018 14:16,Received,00:08:40,9,2018,7,15
Friends,15 Jul. 2018 15:16,Received,00:00:29,0,2018,7,15
Parents,18 Jul. 2018 19:04,Received,01:13:43,74,2018,7,18
Friends,18 Jul. 2018 21:39,Received,00:20:07,20,2018,7,18
Friends,18 Jul. 2018 22:00,Dialed,00:14:06,14,2018,7,18
Friends,20 Jul. 2018 21:52,Received,00:40:46,41,2018,7,20
Parents,24 Jul. 2018 12:04,Missed,00:00:00,0,2018,7,24
Friends,24 Jul. 2018 16:4400:00:00,0,2018,7,24
Parents,24 Jul. 2018 18:08,Dialed,00:04:50,5,2018,7,24
Parents,25 Jul. 2018 17:24,Dialed,00:02:11,2,2018,7,25
Friends,27 Jul. 2018 18:38,Dialed,00:00:23,0,2018,7,27
Friends,27 Jul. 2018 19:36,Received,00:00:09,0,2018,7,27
Friends,30 Jul. 2018 20:00,Received,00:04:36,5,2018,7,30
Parents,30 Jul. 2018 21:43,Received,00:32:12,32,2018,7,30
Friends,02 Aug. 2018 12:38,Dialed,00:00:06,0,2018,8,2
Friends,02 Aug. 2018 12:39,Received,00:07:16,7,2018,8,2
Friends,02 Aug. 2018 17:17,Dialed,00:04:00,4,2018,8,2
Parents,02 Aug. 2018 19:16,Received,00:03:51,4,2018,8,2
Friends,03 Aug. 2018 14:14,Dialed,00:00:05,0,2018,8,3
Friends,03 Aug. 2018 14:19,Received,00:01:02,1,2018,8,3
Friends,07 Aug. 2018 6:55,Received,00:02:32,3,2018,8,7
Parents,07 Aug. 2018 18:50,Missed,00:00:00,0,2018,8,7
Parents,07 Aug. 2018 20:04,Dialed,01:01:18,61,2018,8,7
Parents,10 Aug. 2018 19:15,Received,00:50:33,51,2018,8,10
Parents,11 Aug. 2018 21:10,Dialed,00:12:34,13,2018,8,11
Parents,12 Aug. 2018 21:51,Received,00:23:08,23,2018,8,12
Parents,17 Aug. 2018 20:01,Received,00:09:51,10,2018,8,17
Parents,19 Aug. 2018 21:09,Received,01:00:09,60,2018,8,19
Friends,19 Aug. 2018 23:20,Missed,00:00:00,0,2018,8,19
Friends,20 Aug. 2018 18:28,Dialed,00:38:56,39,2018,8,20
Grandparents,20 Aug. 2018 19:07,Dialed,00:30:42,31,2018,8,20
Friends,20 Aug. 2018 23:08,Missed,00:00:00,0,2018,8,20
Parents,26 Aug. 2018 15:46,Dialed,00:59:16,59,2018,8,26
Parents,29 Aug. 2018 19:13,Dialed,01:14:33,75,2018,8,29
Friends,31 Aug. 2018 16:57,Dialed,00:03:48,4,2018,8,31
Parents,01 Sep. 2018 16:54,Dialed,00:05:21,5,2018,9,1
Friends,11 Sep. 2018 17:57,Received,00:10:55,11,2018,9,11
Parents,13 Sep. 2018 19:50,Received,00:51:32,52,2018,9,13
Parents,22 Sep. 2018 16:08,Dialed,00:03:34,4,2018,9,22
Parents,22 Sep. 2018 17:56,Dialed,00:24:44,25,2018,9,22
Parents,28 Sep. 2018 18:44,Dialed,01:27:11,87,2018,9,28
Friends,29 Sep. 2018 10:09,Received,00:02:09,2,2018,9,29
Parents,29 Sep. 2018 16:07,Dialed,01:09:11,69,2018,9,29
Parents,29 Sep. 2018 19:01,Dialed,00:01:01,1,2018,9,29
Parents,01 Oct. 2018 17:1400:00:00,0,2018,10,1
Parents,01 Oct. 2018 17:25,Dialed,00:05:20,5,2018,10,1
Parents,01 Oct. 2018 18:20,Dialed,00:34:51,35,2018,10,1
Parents,08 Oct. 2018 16:14,Dialed,00:24:48,25,2018,10,8
Parents,14 Oct. 2018 14:29,Dialed,00:14:43,15,2018,10,14
Parents,14 Oct. 2018 14:44,Dialed,00:11:43,12,2018,10,14
Parents,14 Oct. 2018 14:55,Missed,00:00:00,0,2018,10,14
Parents,14 Oct. 2018 14:56,Dialed,00:01:07,1,2018,10,14
Parents,14 Oct. 2018 14:58,Dialed,00:01:35,2,2018,10,14
Parents,14 Oct. 2018 19:27,Dialed,00:07:18,7,2018,10,14
Parents,14 Oct. 2018 20:45,Dialed,00:28:33,29,2018,10,14
Parents,21 Oct. 2018 15:55,Received,00:12:05,12,2018,10,21
Parents,21 Oct. 2018 16:20,Dialed,00:00:02,0,2018,10,21
Parents,24 Oct. 2018 17:46,Dialed,00:00:23,0,2018,10,24
Parents,24 Oct. 2018 17:47,Dialed,00:24:05,24,2018,10,24
Parents,24 Oct. 2018 17:47,Dialed,00:00:14,0,2018,10,24
Parents,24 Oct. 2018 21:13,Dialed,00:01:05,1,2018,10,24
Parents,24 Oct. 2018 21:41,Received,00:01:09,1,2018,10,24
Parents,27 Oct. 2018 15:13,Dialed,00:21:12,21,2018,10,27
Parents,27 Oct. 2018 15:41,Dialed,00:00:02,0,2018,10,27
Parents,30 Oct. 2018 19:18,Received,01:25:27,85,2018,10,30
Parents,31 Oct. 2018 17:32,Missed,00:00:00,0,2018,10,31
Parents,31 Oct. 2018 18:11,Dialed,00:03:38,4,2018,10,31
Parents,03 Nov. 2018 16:39,Received,00:28:32,29,2018,11,3
Parents,15 Nov. 2018 21:32,Received,00:45:05,45,2018,11,15
Friends,16 Nov. 2018 17:16,Missed,00:00:00,0,2018,11,16
Friends,16 Nov. 2018 18:53,Received,00:01:46,2,2018,11,16
Friends,18 Nov. 2018 14:33,Received,00:13:21,13,2018,11,18
Parents,18 Nov. 2018 20:53,Received,00:28:23,28,2018,11,18
Parents,20 Nov. 2018 18:07,Dialed,00:15:11,15,2018,11,20
Parents,23 Nov. 2018 22:59,Dialed,00:44:06,44,2018,11,23
Parents,23 Nov. 2018 23:54,Dialed,00:00:58,1,2018,11,23
Friends,24 Nov. 2018 14:56,Received,00:00:46,1,2018,11,24
Friends,24 Nov. 2018 15:37,Dialed,00:01:28,1,2018,11,24
Parents,25 Nov. 2018 19:03,Received,00:00:27,0,2018,11,25
Parents,25 Nov. 2018 19:32,Dialed,00:35:16,35,2018,11,25
Parents,26 Nov. 2018 18:12,Dialed,00:14:01,14,2018,11,26
Parents,26 Nov. 2018 18:29,Dialed,00:08:09,8,2018,11,26
Parents,26 Nov. 2018 20:07,Dialed,00:53:17,53,2018,11,26
Parents,01 Dec. 2018 14:30,Received,00:45:15,45,2018,12,1
Parents,03 Dec. 2018 19:26,Dialed,00:11:02,11,2018,12,3
Parents,03 Dec. 2018 19:41,Received,00:20:24,20,2018,12,3
Parents,09 Dec. 2018 21:12,Dialed,00:00:00,0,2018,12,9
Parents,09 Dec. 2018 21:14,Dialed,00:00:00,0,2018,12,9
Parents,09 Dec. 2018 21:17,Dialed,00:00:00,0,2018,12,9
Parents,09 Dec. 2018 21:18,Dialed,00:00:00,0,2018,12,9
Parents,09 Dec. 2018 21:36,Dialed,00:36:58,37,2018,12,9
Parents,10 Dec. 2018 17:47,Dialed,00:36:15,36,2018,12,10
Parents,13 Dec. 2018 22:41,Received,00:01:12,1,2018,12,13
Friends,14 Dec. 2018 17:40,Received,00:07:41,8,2018,12,14
Parents,16 Dec. 2018 14:57,Received,00:07:21,7,2018,12,16
Parents,16 Dec. 2018 15:14,Missed,00:00:00,0,2018,12,16
Parents,16 Dec. 2018 15:31,Dialed,00:20:12,20,2018,12,16
Parents,17 Dec. 2018 21:46,Dialed,00:13:40,14,2018,12,17
Parents,18 Dec. 2018 21:20,Dialed,00:30:47,31,2018,12,18
Parents,19 Dec. 2018 16:25,Dialed,00:02:17,2,2018,12,19
Parents,20 Dec. 2018 17:46,Dialed,00:22:09,22,2018,12,20
Parents,20 Dec. 2018 19:16,Dialed,00:00:52,1,2018,12,20
Parents,21 Dec. 2018 13:49,Dialed,00:03:35,4,2018,12,21
Parents,21 Dec. 2018 14:20,Dialed,00:01:47,2,2018,12,21
Parents,25 Dec. 2018 11:23,Dialed,00:00:00,0,2018,12,25
Parents,25 Dec. 2018 11:24,Dialed,00:00:00,0,2018,12,25
Parents,26 Dec. 2018 12:20,Dialed,00:00:00,0,2018,12,26
Parents,26 Dec. 2018 12:51,Dialed,00:00:00,0,2018,12,26
Parents,05 Jan. 2019 7:09,Dialed,00:00:00,0,2019,1,5
Parents,05 Jan. 2019 17:03,Received,00:00:13,0,2019,1,5
Parents,05 Jan. 2019 17:05,Received,00:00:00,0,2019,1,5
Parents,05 Jan. 2019 17:05,Missed,00:00:00,0,2019,1,5
Parents,09 Jan. 2019 12:09,Dialed,00:05:33,6,2019,1,9
Friends,14 Jan. 2019 8:51,Missed,00:00:00,0,2019,1,14
Friends,14 Jan. 2019 17:15,Dialed,00:10:42,11,2019,1,14
Parents,18 Jan. 2019 20:50,Dialed,00:04:27,4,2019,1,18
Parents,18 Jan. 2019 20:55,Dialed,00:23:39,24,2019,1,18
Parents,18 Jan. 2019 20:55,Dialed,00:00:00,0,2019,1,18
Parents,18 Jan. 2019 22:19,Dialed,01:28:53,89,2019,1,18
Parents,26 Jan. 2019 14:41,Received,01:34:49,95,2019,1,26
Parents,30 Jan. 2019 17:38,Dialed,00:30:16,30,2019,1,30
Parents,01 Feb. 2019 17:32,Dialed,00:00:00,0,2019,2,1
Parents,01 Feb. 2019 17:37,Dialed,00:00:02,0,2019,2,1
Parents,01 Feb. 2019 17:48,Dialed,00:00:19,0,2019,2,1
Parents,03 Feb. 2019 16:30,Received,00:11:21,11,2019,2,3
Parents,03 Feb. 2019 18:49,Dialed,00:25:57,26,2019,2,3
Parents,04 Feb. 2019 18:13,Dialed,00:00:23,0,2019,2,4
Parents,04 Feb. 2019 18:13,Dialed,00:00:00,0,2019,2,4
Parents,04 Feb. 2019 18:14,Received,00:01:38,2,2019,2,4
Parents,04 Feb. 2019 19:50,Missed,00:00:00,0,2019,2,4
Parents,06 Feb. 2019 21:12,Dialed,00:31:41,32,2019,2,6
Parents,06 Feb. 2019 21:46,Dialed,00:16:31,17,2019,2,6
Parents,06 Feb. 2019 22:03,Dialed,00:00:15,0,2019,2,6
Friends,11 Feb. 2019 18:07,Received,00:01:05,1,2019,2,11
Parents,13 Feb. 2019 17:34,Dialed,00:14:34,15,2019,2,13
Parents,14 Feb. 2019 18:48,Dialed,00:00:30,1,2019,2,14
Parents,21 Feb. 2019 18:22,Dialed,00:00:01,0,2019,2,21
Parents,21 Feb. 2019 18:23,Dialed,00:14:56,15,2019,2,21
Parents,22 Feb. 2019 18:00,Dialed,00:00:04,0,2019,2,22
Parents,22 Feb. 2019 18:05,Dialed,00:00:16,0,2019,2,22
Parents,23 Feb. 2019 11:17,Received,00:13:55,14,2019,2,23
Parents,23 Feb. 2019 20:11,Dialed,01:30:51,91,2019,2,23
Friends,24 Feb. 2019 11:04,Dialed,00:00:06,0,2019,2,24
Friends,24 Feb. 2019 15:24,Received,00:08:57,9,2019,2,24
Friends,25 Feb. 2019 21:02,Dialed,00:02:12,2,2019,2,25
Parents,25 Feb. 2019 21:09,Dialed,00:00:36,1,2019,2,25
Friends,27 Feb. 2019 22:26,Received,00:53:31,54,2019,2,27
Friends,01 Mar. 2019 11:12,Missed,00:00:00,0,2019,3,1
Parents,03 Mar. 2019 15:12,Dialed,01:32:45,93,2019,3,3
Parents,03 Mar. 2019 18:03,Dialed,00:11:15,11,2019,3,3
Parents,03 Mar. 2019 18:20,Dialed,00:37:19,37,2019,3,3
Parents,05 Mar. 2019 17:49,Received,00:34:32,35,2019,3,5
Parents,06 Mar. 2019 17:25,Dialed,00:23:05,23,2019,3,6
Parents,08 Mar. 2019 22:34,Dialed,00:47:16,47,2019,3,8
Parents,08 Mar. 2019 22:34,Dialed,00:00:00,0,2019,3,8
Parents,10 Mar. 2019 13:49,Dialed,00:53:43,54,2019,3,10
Friends,13 Mar. 2019 8:49,Dialed,00:00:25,0,2019,3,13
Parents,16 Mar. 2019 0:17,Dialed,00:00:08,0,2019,3,16
Parents,16 Mar. 2019 0:18,Dialed,00:43:55,44,2019,3,16
Parents,17 Mar. 2019 15:31,Dialed,00:52:53,53,2019,3,17
Parents,24 Mar. 2019 15:49,Dialed,00:50:11,50,2019,3,24
Friends,30 Mar. 2019 18:19,Received,00:04:00,4,2019,3,30
Parents,02 Apr. 2019 18:07,Dialed,00:00:00,0,2019,4,2
Parents,03 Apr. 2019 16:50,Dialed,00:00:00,0,2019,4,3
Parents,03 Apr. 2019 16:51,Received,00:37:07,37,2019,4,3
Parents,07 Apr. 2019 16:26,Dialed,00:28:20,28,2019,4,7
Parents,07 Apr. 2019 21:43,Dialed,00:00:04,0,2019,4,7
Parents,09 Apr. 2019 17:42,Dialed,00:02:34,3,2019,4,9
Parents,09 Apr. 2019 17:45,Dialed,00:04:07,4,2019,4,9
Parents,09 Apr. 2019 17:53,Dialed,00:24:52,25,2019,4,9
Parents,10 Apr. 2019 20:35,Missed,00:00:00,0,2019,4,10
Parents,10 Apr. 2019 21:05,Dialed,00:00:35,1,2019,4,10
Parents,10 Apr. 2019 21:11,Received,00:22:03,22,2019,4,10
Friends,12 Apr. 2019 19:01,Missed,00:00:00,0,2019,4,12
Friends,12 Apr. 2019 22:46,Dialed,00:10:52,11,2019,4,12
Friends,12 Apr. 2019 23:01,Dialed,00:40:46,41,2019,4,12
Parents,14 Apr. 2019 14:38,Dialed,00:00:20,0,2019,4,14
Parents,14 Apr. 2019 15:23,Received,00:00:54,1,2019,4,14
Parents,14 Apr. 2019 15:57,Dialed,00:37:52,38,2019,4,14
Parents,14 Apr. 2019 20:05,Dialed,00:04:22,4,2019,4,14
Parents,15 Apr. 2019 18:40,Dialed,00:07:56,8,2019,4,15
Parents,17 Apr. 2019 16:58,Dialed,00:01:48,2,2019,4,17
Friends,17 Apr. 2019 17:07,Dialed,00:02:56,3,2019,4,17
Parents,17 Apr. 2019 17:26,Dialed,00:06:46,7,2019,4,17
Friends,19 Apr. 2019 15:41,Received,00:00:43,1,2019,4,19
Parents,19 Apr. 2019 16:09,Dialed,00:01:31,2,2019,4,19
Parents,19 Apr. 2019 17:43,Dialed,00:00:34,1,2019,4,19
Parents,20 Apr. 2019 16:06,Missed,00:00:00,0,2019,4,20
Parents,20 Apr. 2019 16:12,Dialed,00:07:49,8,2019,4,20
Friends,21 Apr. 2019 19:03,Missed,00:00:00,0,2019,4,21
Friends,21 Apr. 2019 19:07,Dialed,00:04:12,4,2019,4,21
Friends,21 Apr. 2019 19:30,Dialed,00:01:26,1,2019,4,21
Friends,21 Apr. 2019 19:32,Received,00:06:52,7,2019,4,21
Friends,21 Apr. 2019 19:32,Missed,00:00:00,0,2019,4,21
Parents,22 Apr. 2019 23:14,Dialed,00:01:18,1,2019,4,22
Friends,25 Apr. 2019 18:05,Received,00:03:04,3,2019,4,25
Parents,30 Apr. 2019 20:00,Dialed,00:00:54,1,2019,4,30
Parents,30 Apr. 2019 20:15,Dialed,00:00:03,0,2019,4,30
Parents,30 Apr. 2019 20:24,Dialed,00:22:43,23,2019,4,30
Friends,30 Apr. 2019 21:53,Received,00:46:40,47,2019,4,30
Parents,01 May 2019 21:02,Dialed,00:21:04,21,2019,5,1
Parents,01 May 2019 21:33,Dialed,00:05:59,6,2019,5,1
Friends,01 May 2019 21:46,Received,00:27:03,27,2019,5,1
Parents,02 May 2019 17:42,Dialed,00:30:10,30,2019,5,2
Parents,04 May 2019 16:43,Dialed,00:10:49,11,2019,5,4
Friends,05 May 2019 16:23,Dialed,00:00:32,1,2019,5,5
Friends,08 May 2019 11:42,Missed,00:00:00,0,2019,5,8
Parents,08 May 2019 17:23,Missed,00:00:00,0,2019,5,8
Parents,08 May 2019 17:38,Dialed,00:00:37,1,2019,5,8
Parents,08 May 2019 17:39,Dialed,00:00:00,0,2019,5,8
Friends,08 May 2019 17:40,Dialed,00:03:08,3,2019,5,8
Parents,08 May 2019 17:40,Dialed,00:00:00,0,2019,5,8
Parents,08 May 2019 17:43,Dialed,00:01:46,2,2019,5,8
Parents,11 May 2019 15:35,Dialed,00:00:17,0,2019,5,11
Parents,12 May 2019 14:20,Dialed,00:00:05,0,2019,5,12
Parents,12 May 2019 15:26,Dialed,00:00:20,0,2019,5,12
Parents,12 May 2019 15:27,Dialed,00:00:02,0,2019,5,12
Parents,12 May 2019 15:41,Dialed,00:00:03,0,2019,5,12
Parents,12 May 2019 15:54,Dialed,00:00:34,1,2019,5,12
Parents,12 May 2019 22:25,Dialed,00:35:25,35,2019,5,12
Parents,15 May 2019 19:34,Dialed,00:04:35,5,2019,5,15
Parents,17 May 2019 21:04,Received,00:30:35,31,2019,5,17
Parents,23 May 2019 18:27,Dialed,00:26:04,26,2019,5,23
Parents,23 May 2019 19:29,Dialed,00:02:10,2,2019,5,23
Parents,23 May 2019 22:02,Dialed,00:12:22,12,2019,5,23
Parents,25 May 2019 13:26,Dialed,01:34:54,95,2019,5,25
Parents,02 Jun. 2019 16:17,Dialed,01:08:33,69,2019,6,2
Parents,03 Jun. 2019 19:21,Dialed,00:04:18,4,2019,6,3
Parents,09 Jun. 2019 16:22,Missed,00:00:00,0,2019,6,9
Parents,09 Jun. 2019 18:45,Dialed,00:15:05,15,2019,6,9
Parents,16 Jun. 2019 16:06,Dialed,00:11:22,11,2019,6,16
Parents,16 Jun. 2019 19:35,Dialed,00:00:03,0,2019,6,16
Parents,16 Jun. 2019 20:43,Dialed,00:00:03,0,2019,6,16
Parents,16 Jun. 2019 21:45,Missed,00:00:00,0,2019,6,16
Parents,17 Jun. 2019 17:55,Dialed,00:57:00,57,2019,6,17
Friends,20 Jun. 2019 16:42,Received,00:06:37,7,2019,6,20
Friends,21 Jun. 2019 17:31,Dialed,00:08:44,9,2019,6,21
Parents,22 Jun. 2019 10:59,Received,00:16:08,16,2019,6,22
Parents,22 Jun. 2019 11:17,Dialed,00:06:43,7,2019,6,22
Friends,24 Jun. 2019 16:16,Received,00:00:29,0,2019,6,24
Parents,24 Jun. 2019 21:06,Received,00:03:52,4,2019,6,24
Parents,28 Jun. 2019 17:25,Dialed,00:41:03,41,2019,6,28
Parents,28 Jun. 2019 21:55,Dialed,00:19:40,20,2019,6,28
Parents,30 Jun. 2019 14:55,Dialed,00:04:54,5,2019,6,30
Parents,30 Jun. 2019 20:11,Received,01:26:43,87,2019,6,30
Parents,07 Jul. 2019 14:56,Dialed,01:55:48,116,2019,7,7
Friends,09 Jul. 2019 12:16,Received,00:00:30,1,2019,7,9
Friends,09 Jul. 2019 12:18,Received,00:00:18,0,2019,7,9
Friends,13 Jul. 2019 13:22,Received,00:00:29,0,2019,7,13
Parents,14 Jul. 2019 18:02,Dialed,01:16:59,77,2019,7,14
Parents,14 Jul. 2019 19:19,Dialed,00:00:00,0,2019,7,14
Parents,14 Jul. 2019 19:20,Received,00:04:07,4,2019,7,14
Parents,16 Jul. 2019 17:29,Dialed,00:00:19,0,2019,7,16
Parents,20 Jul. 2019 22:12,Received,00:05:06,5,2019,7,20
Parents,21 Jul. 2019 14:18,Dialed,00:00:02,0,2019,7,21
Parents,21 Jul. 2019 20:44,Dialed,00:45:26,45,2019,7,21
Parents,24 Jul. 2019 20:53,Dialed,01:26:51,87,2019,7,24
Parents,25 Jul. 2019 17:26,Received,00:10:35,11,2019,7,25
Parents,27 Jul. 2019 11:07,Dialed,00:00:57,1,2019,7,27
Parents,27 Jul. 2019 11:15,Received,00:22:28,22,2019,7,27
Parents,27 Jul. 2019 15:44,Dialed,00:30:18,30,2019,7,27
Friends,27 Jul. 2019 16:12,Missed,00:00:00,0,2019,7,27
Parents,28 Jul. 2019 16:45,Dialed,00:18:05,18,2019,7,28
Parents,28 Jul. 2019 17:04,Dialed,00:12:34,13,2019,7,28
Parents,28 Jul. 2019 17:04,Dialed,00:00:00,0,2019,7,28
Parents,04 Aug. 2019 16:22,Dialed,00:00:56,1,2019,8,4
Parents,04 Aug. 2019 16:38,Dialed,02:08:40,129,2019,8,4
Parents,04 Aug. 2019 18:47,Dialed,00:00:00,0,2019,8,4
Parents,04 Aug. 2019 18:48,Dialed,00:53:58,54,2019,8,4
Parents,08 Aug. 2019 21:04,Dialed,00:00:21,0,2019,8,8
Friends,12 Aug. 2019 6:22,Received,00:00:15,0,2019,8,12
Parents,12 Aug. 2019 19:23,Dialed,00:04:39,5,2019,8,12
Friends,13 Aug. 2019 16:13,Missed,00:00:00,0,2019,8,13
Friends,13 Aug. 2019 17:02,Dialed,00:35:59,36,2019,8,13
Parents,13 Aug. 2019 21:36,Received,00:17:10,17,2019,8,13
Parents,16 Aug. 2019 20:41,Dialed,00:00:18,0,2019,8,16
Parents,16 Aug. 2019 20:41,Dialed,00:00:13,0,2019,8,16
Parents,16 Aug. 2019 20:50,Dialed,00:00:16,0,2019,8,16
Parents,16 Aug. 2019 21:07,Received,00:34:35,35,2019,8,16
Friends,17 Aug. 2019 17:33,Received,00:08:09,8,2019,8,17
Friends,18 Aug. 2019 9:59,Missed,00:00:00,0,2019,8,18
Friends,18 Aug. 2019 10:39,Received,00:00:21,0,2019,8,18
Grandparents,20 Aug. 2019 11:19,Dialed,00:03:08,3,2019,8,20
Grandparents,21 Aug. 2019 11:23,Missed,00:00:00,0,2019,8,21
Grandparents,21 Aug. 2019 15:34,Missed,00:00:00,0,2019,8,21
Grandparents,21 Aug. 2019 15:43,Missed,00:00:00,0,2019,8,21
Grandparents,22 Aug. 2019 12:10,Missed,00:00:00,0,2019,8,22
Parents,29 Aug. 2019 9:37,Received,00:00:28,0,2019,8,29
Parents,29 Aug. 2019 9:41,Received,00:00:19,0,2019,8,29
Parents,29 Aug. 2019 13:45,Received,00:00:45,1,2019,8,29
Parents,29 Aug. 2019 13:45,Received,00:00:29,0,2019,8,29
Parents,30 Aug. 2019 18:01,Dialed,00:00:57,1,2019,8,30
Parents,01 Sep. 2019 17:41,Dialed,00:08:44,9,2019,9,1
Parents,01 Sep. 2019 20:09,Dialed,00:00:04,0,2019,9,1
Parents,02 Sep. 2019 21:44,Dialed,00:00:03,0,2019,9,2
Parents,06 Sep. 2019 17:25,Missed,00:00:00,0,2019,9,6
Parents,06 Sep. 2019 17:27,Missed,00:00:00,0,2019,9,6
Parents,09 Sep. 2019 17:22,Dialed,00:19:49,20,2019,9,9
Parents,09 Sep. 2019 17:42,Dialed,00:00:00,0,2019,9,9
Parents,09 Sep. 2019 17:43,Dialed,00:47:13,47,2019,9,9
Parents,09 Sep. 2019 17:43,Dialed,00:00:00,0,2019,9,9
Parents,09 Sep. 2019 18:31,Dialed,01:00:24,60,2019,9,9
Friends,10 Sep. 2019 17:30,Received,00:00:49,1,2019,9,10
Parents,12 Sep. 2019 16:44,Received,00:03:12,3,2019,9,12
Parents,12 Sep. 2019 17:22,Received,00:22:09,22,2019,9,12
Parents,12 Sep. 2019 22:00,Received,00:16:35,17,2019,9,12
Parents,17 Sep. 2019 18:16,Received,00:07:47,8,2019,9,17
Parents,17 Sep. 2019 18:25,Dialed,00:28:51,29,2019,9,17
Friends,19 Sep. 2019 11:04,Received,00:00:27,0,2019,9,19
Parents,19 Sep. 2019 20:21,Dialed,00:29:42,30,2019,9,19
Parents,22 Sep. 2019 17:26,Dialed,00:04:51,5,2019,9,22
Parents,22 Sep. 2019 21:41,Received,00:10:43,11,2019,9,22
Parents,22 Sep. 2019 21:52,Dialed,00:24:11,24,2019,9,22
Parents,25 Sep. 2019 13:49,Received,00:07:28,7,2019,9,25
Parents,25 Sep. 2019 20:28,Received,00:00:00,0,2019,9,25
Parents,25 Sep. 2019 21:30,Dialed,00:33:46,34,2019,9,25
Parents,28 Sep. 2019 13:25,Received,00:03:23,3,2019,9,28
Parents,28 Sep. 2019 13:28,Received,00:04:17,4,2019,9,28
Parents,28 Sep. 2019 15:55,Dialed,00:00:00,0,2019,9,28
Parents,28 Sep. 2019 16:21,Missed,00:00:00,0,2019,9,28
Friends,03 Oct. 2019 10:47,Received,00:00:48,1,2019,10,3
Friends,03 Oct. 2019 17:17,Received,00:04:14,4,2019,10,3
Parents,05 Oct. 2019 18:59,Received,00:04:17,4,2019,10,5
Parents,05 Oct. 2019 19:04,Dialed,00:00:59,1,2019,10,5
Parents,05 Oct. 2019 19:08,Received,00:34:19,34,2019,10,5
Parents,06 Oct. 2019 13:47,Dialed,00:00:03,0,2019,10,6
Parents,06 Oct. 2019 14:12,Dialed,00:40:39,41,2019,10,6
Parents,11 Oct. 2019 12:45,Dialed,00:07:58,8,2019,10,11
Parents,11 Oct. 2019 15:09,Dialed,00:00:03,0,2019,10,11
Parents,11 Oct. 2019 15:10,Dialed,00:00:03,0,2019,10,11
Parents,11 Oct. 2019 15:26,Dialed,00:00:32,1,2019,10,11
Parents,14 Oct. 2019 12:57,Received,00:00:20,0,2019,10,14
Parents,18 Oct. 2019 10:28,Received,00:02:01,2,2019,10,18
Parents,18 Oct. 2019 11:03,Received,00:01:22,1,2019,10,18
Friends,19 Oct. 2019 12:08,Received,00:08:59,9,2019,10,19
Parents,20 Oct. 2019 14:13,Received,00:22:21,22,2019,10,20
Parents,27 Oct. 2019 12:41,Received,00:08:25,8,2019,10,27
Parents,27 Oct. 2019 13:06,Received,00:05:04,5,2019,10,27
Friends,31 Oct. 2019 10:44,Received,00:00:43,1,2019,10,31
Friends,01 Nov. 2019 17:45,Missed,00:00:00,0,2019,11,1
Friends,01 Nov. 2019 17:47,Dialed,00:00:27,0,2019,11,1
Friends,02 Nov. 2019 13:43,Received,00:02:06,2,2019,11,2
Parents,02 Nov. 2019 14:32,Dialed,00:26:55,27,2019,11,2
Friends,03 Nov. 2019 14:18,Missed,00:00:00,0,2019,11,3
Friends,05 Nov. 2019 17:45,Received,00:02:48,3,2019,11,5
Parents,05 Nov. 2019 21:04,Dialed,00:00:00,0,2019,11,5
Parents,05 Nov. 2019 21:16,Dialed,00:21:45,22,2019,11,5
Parents,11 Nov. 2019 20:38,Dialed,00:00:00,0,2019,11,11
Parents,11 Nov. 2019 20:43,Dialed,00:00:00,0,2019,11,11
Parents,11 Nov. 2019 21:28,Dialed,00:33:43,34,2019,11,11
Parents,11 Nov. 2019 21:28,Dialed,00:00:00,0,2019,11,11
Parents,12 Nov. 2019 19:16,Received,00:17:41,18,2019,11,12
Friends,15 Nov. 2019 10:22,Received,00:03:48,4,2019,11,15
Parents,17 Nov. 2019 13:56,Received,00:10:31,11,2019,11,17
Friends,18 Nov. 2019 16:08,Received,00:00:55,1,2019,11,18
Friends,20 Nov. 2019 9:54,Received,00:00:19,0,2019,11,20
Parents,20 Nov. 2019 21:17,Dialed,00:32:00,32,2019,11,20
Parents,23 Nov. 2019 12:20,Dialed,00:04:34,5,2019,11,23
Parents,24 Nov. 2019 15:46,Dialed,00:01:17,1,2019,11,24
Parents,26 Nov. 2019 22:04,Missed,00:00:00,0,2019,11,26
Parents,28 Nov. 2019 18:34,Dialed,00:21:47,22,2019,11,28
Parents,29 Nov. 2019 13:24,Dialed,00:28:12,28,2019,11,29
Parents,29 Nov. 2019 17:48,Received,00:00:37,1,2019,11,29
Parents,29 Nov. 2019 20:02,Dialed,00:45:54,46,2019,11,29
Friends,30 Nov. 2019 8:26,Received,00:05:20,5,2019,11,30
Parents,30 Nov. 2019 15:50,Received,00:03:35,4,2019,11,30
Parents,30 Nov. 2019 17:07,Received,00:06:58,7,2019,11,30
Parents,30 Nov. 2019 18:54,Dialed,00:07:51,8,2019,11,30
Parents,01 Dec. 2019 14:33,Dialed,00:00:19,0,2019,12,1
Parents,02 Dec. 2019 14:24,Dialed,00:03:51,4,2019,12,2
Parents,02 Dec. 2019 14:44,Dialed,00:18:23,18,2019,12,2
Parents,02 Dec. 2019 15:03,Dialed,00:03:04,3,2019,12,2
Parents,02 Dec. 2019 15:07,Dialed,00:19:16,19,2019,12,2
Parents,02 Dec. 2019 15:07,Dialed,00:00:00,0,2019,12,2
Parents,02 Dec. 2019 15:28,Dialed,00:37:21,37,2019,12,2
Parents,03 Dec. 2019 11:01,Dialed,00:01:12,1,2019,12,3
Parents,03 Dec. 2019 17:22,Dialed,00:05:10,5,2019,12,3
Parents,03 Dec. 2019 17:27,Dialed,00:43:11,43,2019,12,3
Parents,05 Dec. 2019 14:52,Dialed,00:02:31,3,2019,12,5
Parents,05 Dec. 2019 15:17,Dialed,00:00:02,0,2019,12,5
Parents,05 Dec. 2019 15:18,Dialed,00:00:18,0,2019,12,5
Parents,05 Dec. 2019 15:23,Missed,00:00:00,0,2019,12,5
Parents,05 Dec. 2019 15:25,Dialed,00:09:34,10,2019,12,5
Parents,05 Dec. 2019 15:36,Dialed,00:12:08,12,2019,12,5
Parents,05 Dec. 2019 21:22,Dialed,00:15:39,16,2019,12,5
Parents,06 Dec. 2019 13:00,Dialed,00:09:40,10,2019,12,6
Parents,06 Dec. 2019 16:41,Missed,00:00:00,0,2019,12,6
Parents,06 Dec. 2019 17:29,Dialed,00:00:03,0,2019,12,6
Parents,06 Dec. 2019 17:29,Dialed,00:00:02,0,2019,12,6
Parents,06 Dec. 2019 17:35,Dialed,00:00:02,0,2019,12,6
Parents,06 Dec. 2019 18:17,Received,00:00:00,0,2019,12,6
Parents,06 Dec. 2019 20:28,Dialed,00:09:25,9,2019,12,6
Friends,07 Dec. 2019 9:39,Dialed,00:00:00,0,2019,12,7
Parents,08 Dec. 2019 13:35,Dialed,00:11:51,12,2019,12,8
Parents,10 Dec. 2019 21:46,Dialed,00:15:42,16,2019,12,10
Parents,10 Dec. 2019 22:03,Dialed,00:19:52,20,2019,12,10
Parents,10 Dec. 2019 22:03,Dialed,00:00:00,0,2019,12,10
Parents,11 Dec. 2019 11:20,Dialed,00:08:47,9,2019,12,11
Parents,11 Dec. 2019 11:52,Dialed,00:04:32,5,2019,12,11
Parents,11 Dec. 2019 12:13,Received,00:06:09,6,2019,12,11
Parents,11 Dec. 2019 12:40,Dialed,00:04:43,5,2019,12,11
Parents,11 Dec. 2019 12:57,Dialed,00:03:17,3,2019,12,11
Parents,11 Dec. 2019 21:37,Dialed,00:23:12,23,2019,12,11
Friends,13 Dec. 2019 16:18,Missed,00:00:00,0,2019,12,13
Parents,14 Dec. 2019 16:53,Missed,00:00:00,0,2019,12,14
Parents,19 Dec. 2019 11:25,Received,00:00:23,0,2019,12,19
Parents,19 Dec. 2019 14:28,Received,00:08:57,9,2019,12,19
Parents,19 Dec. 2019 18:21,Received,00:14:01,14,2019,12,19
Parents,19 Dec. 2019 18:50,Received,00:02:10,2,2019,12,19
Friends,20 Dec. 2019 15:59,Received,00:00:12,0,2019,12,20
Parents,21 Dec. 2019 12:32,Received,00:01:25,1,2019,12,21
Parents,22 Dec. 2019 13:51,Missed,00:00:00,0,2019,12,22
Parents,22 Dec. 2019 13:53,Missed,00:00:00,0,2019,12,22
Parents,22 Dec. 2019 13:54,Dialed,00:00:00,0,2019,12,22
Parents,22 Dec. 2019 13:54,Dialed,00:00:03,0,2019,12,22
Parents,22 Dec. 2019 13:55,Received,00:00:42,1,2019,12,22
Friends,23 Dec. 2019 17:14,Received,00:03:37,4,2019,12,23
Friends,26 Dec. 2019 18:46,Received,00:00:14,0,2019,12,26
Parents,31 Dec. 2019 20:28,Received,00:02:52,3,2019,12,31
Parents,01 Jan. 2020 9:15,Received,00:00:17,0,2020,1,1
Parents,01 Jan. 2020 9:44,Received,00:00:34,1,2020,1,1
Parents,01 Jan. 2020 10:02,Dialed,00:00:12,0,2020,1,1
Parents,01 Jan. 2020 14:49,Received,00:00:24,0,2020,1,1
Parents,01 Jan. 2020 14:52,Dialed,00:00:33,1,2020,1,1
Friends,01 Jan. 2020 15:46,Missed,00:00:00,0,2020,1,1
Parents,01 Jan. 2020 17:54,Received,00:01:10,1,2020,1,1
Parents,01 Jan. 2020 18:50,Received,00:00:54,1,2020,1,1
Parents,01 Jan. 2020 18:56,Dialed,00:02:02,2,2020,1,1
Parents,01 Jan. 2020 22:24,Dialed,00:08:37,9,2020,1,1
Parents,02 Jan. 2020 10:52,Dialed,00:00:28,0,2020,1,2
Parents,02 Jan. 2020 15:12,Received,00:00:00,0,2020,1,2
Parents,02 Jan. 2020 15:15,Dialed,00:01:20,1,2020,1,2
Parents,02 Jan. 2020 15:44,Received,00:00:41,1,2020,1,2
Parents,02 Jan. 2020 15:47,Received,00:00:22,0,2020,1,2
Parents,02 Jan. 2020 16:21,Dialed,00:00:30,1,2020,1,2
Parents,02 Jan. 2020 17:23,Received,00:01:22,1,2020,1,2
Parents,02 Jan. 2020 22:42,Missed,00:00:00,0,2020,1,2
Parents,02 Jan. 2020 22:46,Dialed,00:00:39,1,2020,1,2
Parents,03 Jan. 2020 8:09,Received,00:00:18,0,2020,1,3
Parents,03 Jan. 2020 12:26,Dialed,00:00:57,1,2020,1,3
Parents,03 Jan. 2020 13:04,Received,00:00:15,0,2020,1,3
Parents,04 Jan. 2020 19:10,Received,00:06:39,7,2020,1,4
Parents,05 Jan. 2020 18:45,Received,00:14:29,14,2020,1,5
Parents,06 Jan. 2020 11:10,Missed,00:00:00,0,2020,1,6
Parents,06 Jan. 2020 11:55,Missed,00:00:00,0,2020,1,6
Parents,06 Jan. 2020 12:33,Dialed,00:12:44,13,2020,1,6
Parents,06 Jan. 2020 19:26,Received,00:16:23,16,2020,1,6
Parents,09 Jan. 2020 12:05,Received,00:26:36,27,2020,1,9
Friends,11 Jan. 2020 7:53,Received,00:02:45,3,2020,1,11
Parents,11 Jan. 2020 15:20,Received,00:00:29,0,2020,1,11
Parents,11 Jan. 2020 15:25,Received,00:01:45,2,2020,1,11
Parents,11 Jan. 2020 15:27,Received,00:13:12,13,2020,1,11
Parents,12 Jan. 2020 17:45,Dialed,00:05:06,5,2020,1,12
Parents,12 Jan. 2020 18:11,Received,00:01:45,2,2020,1,12
Parents,12 Jan. 2020 20:35,Received,00:28:17,28,2020,1,12
Friends,14 Jan. 2020 13:57,Received,00:00:57,1,2020,1,14
Parents,20 Jan. 2020 18:24,Dialed,00:19:38,20,2020,1,20
Parents,20 Jan. 2020 19:17,Received,00:05:17,5,2020,1,20
Parents,24 Jan. 2020 20:22,Dialed,00:00:03,0,2020,1,24
Parents,24 Jan. 2020 20:31,Dialed,00:00:24,0,2020,1,24
Friends,25 Jan. 2020 8:58,Dialed,00:05:14,5,2020,1,25
Friends,25 Jan. 2020 10:56,Dialed,00:00:03,0,2020,1,25
Parents,25 Jan. 2020 15:24,Received,00:47:59,48,2020,1,25
Parents,26 Jan. 2020 14:37,Missed,00:00:00,0,2020,1,26
Parents,26 Jan. 2020 16:09,Dialed,00:27:59,28,2020,1,26
Friends,27 Jan. 2020 9:21,Received,00:00:49,1,2020,1,27
Parents,31 Jan. 2020 17:37,Received,00:04:02,4,2020,1,31
Parents,01 Feb. 2020 17:46,Dialed,00:00:00,0,2020,2,1
Parents,01 Feb. 2020 17:47,Dialed,00:00:59,1,2020,2,1
Parents,01 Feb. 2020 17:48,Dialed,00:00:00,0,2020,2,1
Parents,01 Feb. 2020 17:49,Received,00:38:34,39,2020,2,1
Parents,03 Feb. 2020 18:07,Received,00:04:09,4,2020,2,3
Parents,09 Feb. 2020 14:38,Received,00:01:42,2,2020,2,9
Parents,11 Feb. 2020 17:25,Dialed,00:00:00,0,2020,2,11
Parents,11 Feb. 2020 17:27,Dialed,00:00:38,1,2020,2,11
Parents,11 Feb. 2020 18:18,Dialed,00:39:40,40,2020,2,11
Friends,11 Feb. 2020 21:47,Received,00:08:57,9,2020,2,11
Parents,13 Feb. 2020 20:42,Received,00:00:00,0,2020,2,13
Parents,13 Feb. 2020 20:58,Dialed,00:00:31,1,2020,2,13
Parents,13 Feb. 2020 20:59,Dialed,00:30:46,31,2020,2,13
Parents,14 Feb. 2020 10:45,Received,00:05:24,5,2020,2,14
Parents,14 Feb. 2020 18:25,Dialed,00:09:08,9,2020,2,14
Parents,14 Feb. 2020 19:29,Received,00:00:39,1,2020,2,14
Parents,14 Feb. 2020 19:41,Received,00:10:18,10,2020,2,14
Parents,15 Feb. 2020 16:35,Received,00:03:36,4,2020,2,15
Parents,16 Feb. 2020 20:40,Received,00:19:38,20,2020,2,16
Friends,20 Feb. 2020 19:42,Dialed,00:00:00,0,2020,2,20
Friends,21 Feb. 2020 13:29,Received,00:00:38,1,2020,2,21
Parents,22 Feb. 2020 12:11,Received,00:08:20,8,2020,2,22
Friends,22 Feb. 2020 12:45,Received,00:04:22,4,2020,2,22
Friends,22 Feb. 2020 13:06,Dialed,01:36:42,97,2020,2,22
Friends,22 Feb. 2020 17:44,Received,01:17:18,77,2020,2,22
Friends,22 Feb. 2020 19:02,Received,00:44:07,44,2020,2,22
Friends,22 Feb. 2020 19:02,Dialed,00:00:02,0,2020,2,22
Parents,26 Feb. 2020 20:17,Received,00:00:09,0,2020,2,26
Parents,26 Feb. 2020 21:14,Dialed,00:02:07,2,2020,2,26
Parents,26 Feb. 2020 21:18,Dialed,00:31:12,31,2020,2,26
Parents,28 Feb. 2020 16:36,Received,00:09:29,9,2020,2,28
Parents,01 Mar. 2020 15:58,Missed,00:00:00,0,2020,3,1
Parents,02 Mar. 2020 11:07,Received,00:17:40,18,2020,3,2
Parents,02 Mar. 2020 19:42,Received,00:30:08,30,2020,3,2
